{
	"info": {
		"_postman_id": "39cdec20-c36d-4e22-8a39-13a16530bdb1",
		"name": "ProyectoFinal",
		"schema": "https://schema.getpostman.com/json/collection/v2.1.0/collection.json",
		"_exporter_id": "26167424"
	},
	"item": [
		{
			"name": "Objeto",
			"item": [
				{
					"name": "Get Objeto",
					"request": {
						"method": "GET",
						"header": [],
						"url": {
							"raw": "http://localhost:3000/objeto?Categoria=&EnPrestamo=&Nombre=",
							"protocol": "http",
							"host": [
								"localhost"
							],
							"port": "3000",
							"path": [
								"objeto"
							],
							"query": [
								{
									"key": "",
									"value": null,
									"disabled": true
								},
								{
									"key": "Categoria",
									"value": ""
								},
								{
									"key": "EnPrestamo",
									"value": "",
									"description": "1 = true -- 0 = false"
								},
								{
									"key": "Nombre",
									"value": ""
								}
							]
						}
					},
					"response": []
				},
				{
					"name": "Get ObjetoById",
					"request": {
						"method": "GET",
						"header": [],
						"url": {
							"raw": "http://localhost:3000/objeto/1",
							"protocol": "http",
							"host": [
								"localhost"
							],
							"port": "3000",
							"path": [
								"objeto",
								"1"
							]
						}
					},
					"response": []
				}
			]
		},
		{
			"name": "Categoria",
			"item": [
				{
					"name": "Get Categoria",
					"request": {
						"method": "GET",
						"header": [],
						"url": {
							"raw": "http://localhost:3000/categoria",
							"protocol": "http",
							"host": [
								"localhost"
							],
							"port": "3000",
							"path": [
								"categoria"
							]
						}
					},
					"response": []
				}
			]
		},
		{
			"name": "Prestamo",
			"item": [
				{
					"name": "Get Prestamo",
					"request": {
						"method": "GET",
						"header": [],
						"url": {
							"raw": "http://localhost:3000/prestamo?dni&estado",
							"protocol": "http",
							"host": [
								"localhost"
							],
							"port": "3000",
							"path": [
								"prestamo"
							],
							"query": [
								{
									"key": "dni",
									"value": null
								},
								{
									"key": "estado",
									"value": null
								},
								{
									"key": "",
									"value": "",
									"disabled": true
								}
							]
						}
					},
					"response": []
				},
				{
					"name": "Update Prestamo",
					"request": {
						"method": "PUT",
						"header": [],
						"body": {
							"mode": "raw",
							"raw": "    {\r\n        \"FechaAceptado\": null,\r\n        \"FechaEntregado\": null,\r\n        \"FechaDevuelto\": null\r\n    }",
							"options": {
								"raw": {
									"language": "json"
								}
							}
						},
						"url": {
							"raw": "http://localhost:3000/prestamo/1",
							"protocol": "http",
							"host": [
								"localhost"
							],
							"port": "3000",
							"path": [
								"prestamo",
								"1"
							]
						}
					},
					"response": []
				},
				{
					"name": "New Request",
					"request": {
						"method": "GET",
						"header": [],
						"url": {
							"raw": ""
						}
					},
					"response": []
				},
				{
					"name": "Add prestamo",
					"request": {
						"method": "POST",
						"header": [],
						"body": {
							"mode": "raw",
							"raw": "{\r\n        \"FK_Objeto\": 2,\r\n        \"FK_Usuario\": 1,\r\n        \"FK_Admin\": 1\r\n    }",
							"options": {
								"raw": {
									"language": "json"
								}
							}
						},
						"url": {
							"raw": "http://localhost:3000/prestamo",
							"protocol": "http",
							"host": [
								"localhost"
							],
							"port": "3000",
							"path": [
								"prestamo"
							]
						}
					},
					"response": []
				}
			]
		},
		{
			"name": "User",
			"item": [
				{
					"name": "Get User",
					"request": {
						"method": "GET",
						"header": [],
						"url": {
							"raw": "http://localhost:3000/",
							"protocol": "http",
							"host": [
								"localhost"
							],
							"port": "3000",
							"path": [
								""
							]
						}
					},
					"response": []
				}
			]
		},
		{
			"name": "Reportes",
			"item": [
				{
					"name": "Get Labo",
					"protocolProfileBehavior": {
						"disableBodyPruning": true
					},
					"request": {
						"method": "GET",
						"header": [],
						"body": {
							"mode": "raw",
							"raw": "",
							"options": {
								"raw": {
									"language": "json"
								}
							}
						},
						"url": {
							"raw": "http://localhost:3000/labo/",
							"protocol": "http",
							"host": [
								"localhost"
							],
							"port": "3000",
							"path": [
								"labo",
								""
							]
						}
					},
					"response": []
				},
				{
					"name": "Post Labo",
					"request": {
						"method": "POST",
						"header": [],
						"body": {
							"mode": "raw",
							"raw": "{\r\n    \"Nombre\": \"OTI\"\r\n}",
							"options": {
								"raw": {
									"language": "json"
								}
							}
						},
						"url": {
							"raw": "http://localhost:3000/labo/",
							"protocol": "http",
							"host": [
								"localhost"
							],
							"port": "3000",
							"path": [
								"labo",
								""
							]
						}
					},
					"response": []
				},
				{
					"name": "Get LaboById",
					"request": {
						"method": "GET",
						"header": [],
						"url": {
							"raw": "http://localhost:3000/labo/1",
							"protocol": "http",
							"host": [
								"localhost"
							],
							"port": "3000",
							"path": [
								"labo",
								"1"
							]
						}
					},
					"response": []
				}
			]
		}
	]
}